任务名称,开始时间(yyyy-MM-dd HH:mm),结束时间(yyyy-MM-dd HH:mm),优先级(低/中/高/紧急),任务类型(会议/截止日期/日常事务),所属项目,任务内容
项目 A 周例会,2025/9/1 9:00,2025/9/1 10:30,中,会议,项目 A（产品研发）,讨论研发进度，确定下周模块开发计划，参会人员：研发组全体
9 月考勤整理,2025/9/1 14:00,2025/9/1 16:00,低,日常事务,项目 E（内部行政）,统计 9 月 1-5 日员工打卡数据，核对异常记录并反馈人事
Q3 推广报告提交,2025/9/2 0:00,2025/9/5 18:00,高,截止日期,项目 B（市场推广）,完成 Q3 市场推广效果报告，含数据图表，提交至市场总监
客户 C 需求沟通会,2025/9/2 10:00,2025/9/2 11:30,高,会议,项目 C（客户运维）,与客户 C 对接新功能需求，记录核心诉求并同步技术组
办公设备巡检,2025/9/3 9:30,2025/9/3 11:00,低,日常事务,项目 E（内部行政）,检查研发部电脑、打印机，处理 2 台卡顿设备报修
项目 D 接口联调,2025/9/3 13:30,2025/9/3 17:00,紧急,截止日期,项目 D（系统升级）,完成新旧系统接口联调，确保数据传输无误差
部门月度总结会,2025/9/4 14:00,2025/9/4 15:30,中,会议,项目 E（内部行政）,总结 8 月部门工作，分配 9 月重点任务，全员参会
员工培训资料整理,2025/9/4 9:00,2025/9/4 11:30,低,日常事务,项目 E（内部行政）,汇总产品知识培训 PPT，补充最新功能讲解内容
项目 A 测试用例编写,2025/9/5 10:00,2025/9/6 18:00,中,截止日期,项目 A（产品研发）,编写 V2.0 版本核心功能测试用例，覆盖异常场景
市场竞品分析会,2025/9/5 15:00,2025/9/5 16:30,高,会议,项目 B（市场推广）,分析竞品新推出的促销活动，制定应对策略
茶水间物资补给,2025/9/6 9:30,2025/9/6 10:00,低,日常事务,项目 E（内部行政）,补充咖啡、纸巾等物资，登记消耗情况
项目 C 故障排查,2025/9/6 13:00,2025/9/6 15:30,紧急,截止日期,项目 C（客户运维）,解决客户 C 系统登录异常问题，恢复正常使用
研发进度同步会,2025/9/7 10:00,2025/9/7 11:00,中,会议,项目 A（产品研发）,同步模块开发进度，协调跨小组资源冲突
合同归档整理,2025/9/7 14:00,2025/9/7 16:00,低,日常事务,项目 E（内部行政）,整理 8 月客户合同，按项目分类归档至文件柜
项目 B 宣传文案提交,2025/9/8 0:00,2025/9/10 18:00,高,截止日期,项目 B（市场推广）,撰写新品宣传文案，适配微信公众号、小红书平台
跨部门协作会,2025/9/8 14:00,2025/9/8 15:30,中,会议,项目 D（系统升级）,协调研发、运维部门，确定系统上线前准备事项
打印机驱动更新,2025/9/9 9:30,2025/9/9 10:30,低,日常事务,项目 E（内部行政）,更新财务部打印机驱动，测试打印清晰度
项目 A 版本上线准备,2025/9/9 13:00,2025/9/11 18:00,紧急,截止日期,项目 A（产品研发）,完成上线前环境检查、数据备份，制定回滚方案
客户 D 需求评审会,2025/9/10 10:00,2025/9/10 11:30,高,会议,项目 C（客户运维）,评审客户 D 定制化需求，评估技术实现难度
会议室预订统计,2025/9/10 14:00,2025/9/10 15:00,低,日常事务,项目 E（内部行政）,统计 9 月第一周会议室使用情况，优化预订规则
项目 B 活动预算核算,2025/9/11 9:00,2025/9/12 18:00,中,截止日期,项目 B（市场推广）,核算国庆促销活动预算，确保不超季度额度
运维工作复盘会,2025/9/11 15:00,2025/9/11 16:00,中,会议,项目 D（系统升级）,复盘上周运维问题，优化故障响应流程
员工名片印制,2025/9/12 9:30,2025/9/12 11:00,低,日常事务,项目 E（内部行政）,统计新入职员工名片需求，提交印制申请
项目 C 服务报告提交,2025/9/12 0:00,2025/9/14 18:00,高,截止日期,项目 C（客户运维）,生成客户 C 月度服务报告，含故障处理记录
产品功能讨论会,2025/9/13 10:00,2025/9/13 11:30,中,会议,项目 A（产品研发）,讨论用户反馈的功能优化建议，确定迭代优先级
文件柜整理,2025/9/13 14:00,2025/9/13 15:30,低,日常事务,项目 E（内部行政）,整理旧项目文件，剔除过期资料，腾出存储空间
项目 D 数据迁移,2025/9/14 13:00,2025/9/15 18:00,紧急,截止日期,项目 D（系统升级）,完成旧系统数据迁移至新系统，验证数据完整性
市场渠道分析会,2025/9/14 9:00,2025/9/14 10:30,高,会议,项目 B（市场推广）,分析各渠道获客成本，调整投放资源分配
绿植养护,2025/9/15 9:30,2025/9/15 10:00,低,日常事务,项目 E（内部行政）,给办公区绿植浇水、修剪枯叶，联系养护人员
项目 Abug 修复,2025/9/15 0:00,2025/9/16 18:00,中,截止日期,项目 A（产品研发）,修复测试反馈的 5 个高优先级 bug，重新提交测试
部门沟通协调会,2025/9/16 14:00,2025/9/16 15:00,中,会议,项目 E（内部行政）,解决部门间协作卡点，明确对接人职责
快递收发登记,2025/9/16 10:00,2025/9/16 11:00,低,日常事务,项目 E（内部行政）,登记 9 月 15 日到件快递，通知收件人领取
项目 B 海报设计提交,2025/9/17 0:00,2025/9/19 18:00,高,截止日期,项目 B（市场推广）,完成国庆活动海报设计，提供 3 版方案供选择
客户 E 满意度调研会,2025/9/17 10:00,2025/9/17 11:30,高,会议,项目 C（客户运维）,讨论客户 E 满意度调研结果，制定改进措施
电脑系统更新,2025/9/17 14:00,2025/9/17 16:00,低,日常事务,项目 E（内部行政）,协助员工更新电脑系统，解决更新失败问题
项目 D 系统测试,2025/9/18 13:00,2025/9/20 18:00,紧急,截止日期,项目 D（系统升级）,完成新系统功能测试、压力测试，出具测试报告
研发技术分享会,2025/9/18 9:00,2025/9/18 10:30,中,会议,项目 A（产品研发）,分享新开发框架使用技巧，解答员工技术疑问
会议记录整理,2025/9/19 10:00,2025/9/19 11:30,低,日常事务,项目 E（内部行政）,整理 18 日技术分享会记录，分发至参会人员
项目 C 合同续签准备,2025/9/19 0:00,2025/9/21 18:00,高,截止日期,项目 C（客户运维）,准备客户 C 合同续签材料，确认条款细节
市场活动筹备会,2025/9/20 14:00,2025/9/20 15:30,中,会议,项目 B（市场推广）,确定国庆活动流程，分配各环节执行人员
办公环境清洁检查,2025/9/20 9:30,2025/9/20 10:30,低,日常事务,项目 E（内部行政）,检查各办公区域清洁情况，督促保洁整改
项目 A 文档完善,2025/9/21 13:00,2025/9/22 18:00,中,截止日期,项目 A（产品研发）,完善产品需求文档、开发文档，补充细节说明
客户 F 问题沟通会,2025/9/21 10:00,2025/9/21 11:00,高,会议,项目 C（客户运维）,沟通客户 F 使用系统时遇到的操作问题，提供解决方案
饮用水配送预约,2025/9/22 9:30,2025/9/22 10:00,低,日常事务,项目 E（内部行政）,预约下周饮用水配送，确认配送时间和数量
项目 D 上线演练,2025/9/22 0:00,2025/9/23 18:00,紧急,截止日期,组织研发、运维进行系统上线演练，排查潜在风险,
部门绩效讨论会,2025/9/23 14:00,2025/9/23 15:30,中,会议,项目 E（内部行政）,讨论 9 月员工绩效初步结果，确认评分标准
报销单据审核,2025/9/23 9:00,2025/9/23 11:30,低,日常事务,项目 E（内部行政）,审核员工 9 月上旬报销单据，退回不合规单据
项目 B 活动物料准备,2025/9/24 0:00,2025/9/26 18:00,高,截止日期,项目 B（市场推广）,采购国庆活动所需物料，确认到货时间
研发需求对齐会,2025/9/24 10:00,2025/9/24 11:30,中,会议,项目 A（产品研发）,对齐下阶段研发需求，避免理解偏差
打印机耗材更换,2025/9/24 14:00,2025/9/24 15:00,低,日常事务,项目 E（内部行政）,更换销售部打印机硒鼓，测试打印效果
项目 C 服务方案优化,2025/9/25 13:00,2025/9/27 18:00,中,截止日期,项目 C（客户运维）,根据客户反馈优化服务方案，缩短响应时间
市场数据复盘会,2025/9/25 9:00,2025/9/25 10:30,高,会议,项目 B（市场推广）,复盘 9 月上半月市场数据，调整推广策略
绿植更换申请,2025/9/26 9:30,2025/9/26 10:30,低,日常事务,项目 E（内部行政）,申请更换 2 盆枯萎绿植，选择易养护品种
项目 A 版本内测,2025/9/26 0:00,2025/9/28 18:00,紧急,截止日期,组织内部员工进行 V2.0 版本内测，收集使用反馈,
跨项目协调会,2025/9/27 14:00,2025/9/27 15:30,中,会议,项目 E（内部行政）,协调 A、B 项目资源冲突，确定资源分配优先级
文件备份,2025/9/27 10:00,2025/9/27 11:30,低,日常事务,项目 E（内部行政）,备份 9 月重要办公文件至云端，验证备份完整性
项目 D 问题修复,2025/9/28 0:00,2025/9/29 18:00,高,截止日期,项目 D（系统升级）,修复上线演练中发现的 3 个问题，重新演练
客户 G 续约沟通会,2025/9/28 10:00,2025/9/28 11:30,高,会议,项目 C（客户运维）,与客户 G 沟通续约细节，解答费用相关疑问
会议室设备检查,2025/9/28 14:00,2025/9/28 15:00,低,日常事务,项目 E（内部行政）,检查各会议室投影仪、麦克风，确保正常使用
项目 B 活动总结提交,2025/9/29 0:00,2025/9/30 18:00,中,截止日期,项目 B（市场推广）,撰写国庆活动筹备总结，梳理待改进点
研发成果汇报会,2025/9/29 9:00,2025/9/29 10:30,中,会议,项目 A（产品研发）,汇报 V2.0 版本研发成果，演示核心功能
办公用品清点,2025/9/29 14:00,2025/9/29 15:30,低,日常事务,项目 E（内部行政）,清点办公文具库存，提交下月采购申请
项目 C 客户档案更新,2025/9/30 10:00,2025/9/30 11:30,中,日常事务,项目 C（客户运维）,更新所有客户档案信息，补充最新沟通记录
9 月工作复盘会,2025/9/30 14:00,2025/9/30 15:30,高,会议,项目 E（内部行政）,复盘 9 月整体工作，确定 10 月工作重点
项目 A 测试报告提交,2025/9/1 0:00,2025/9/3 18:00,高,截止日期,项目 A（产品研发）,提交 V2.0 版本首轮测试报告，标注问题等级
市场调研数据整理,2025/9/2 14:00,2025/9/3 16:00,低,日常事务,项目 B（市场推广）,整理竞品调研数据，分类统计核心信息
客户 A 系统培训,2025/9/3 10:00,2025/9/3 11:30,中,会议,项目 C（客户运维）,为客户 A 员工培训系统新功能，解答操作疑问
旧电脑回收,2025/9/4 9:30,2025/9/4 10:30,低,日常事务,项目 E（内部行政）,回收淘汰旧电脑，登记设备信息并移交 IT 部
项目 D 需求确认会,2025/9/5 14:00,2025/9/5 15:30,高,会议,项目 D（系统升级）,与业务部门确认新系统需求，形成书面文档
9 月生日会筹备,2025/9/6 10:00,2025/9/6 11:00,低,日常事务,项目 E（内部行政）,统计 9 月生日员工，预订蛋糕和礼品
项目 B 渠道合作洽谈,2025/9/7 0:00,2025/9/9 18:00,中,截止日期,项目 B（市场推广）,与 3 家渠道商洽谈合作，确定合作方案
研发代码审查会,2025/9/8 9:00,2025/9/8 10:30,中,会议,项目 A（产品研发）,审查核心模块代码，确保代码规范和安全性
发票整理归档,2025/9/9 14:00,2025/9/9 15:30,低,日常事务,项目 E（内部行政）,整理 9 月发票，按类别归档并登记台账
项目 C 故障总结报告,2025/9/10 0:00,2025/9/12 18:00,高,截止日期,项目 C（客户运维）,总结本月客户故障处理情况，分析根因
市场活动创意会,2025/9/11 10:00,2025/9/11 11:30,中,会议,项目 B（市场推广）,brainstorm 10 月活动创意，筛选 3 个可行性方案
打印机维修跟进,2025/9/12 9:30,2025/9/12 10:30,低,日常事务,项目 E（内部行政）,跟进财务部打印机维修进度，确认修复时间
项目 D 方案优化,2025/9/13 0:00,2025/9/15 18:00,紧急,截止日期,项目 D（系统升级）,根据需求反馈优化系统方案，降低实施难度
员工访谈会,2025/9/14 14:00,2025/9/14 15:00,中,会议,项目 E（内部行政）,访谈新员工工作适应情况，收集改进建议
快递寄出登记,2025/9/15 10:00,2025/9/15 11:00,低,日常事务,项目 E（内部行政）,登记 9 月 15 日寄出快递，核对收件信息
项目 A 进度报告提交,2025/9/16 0:00,2025/9/17 18:00,中,截止日期,项目 A（产品研发）,提交 9 月上半月研发进度报告，说明延期原因
客户 B 需求沟通会,2025/9/17 9:00,2025/9/17 10:30,高,会议,项目 C（客户运维）,沟通客户 B 新增需求，评估开发周期
办公区温度调节,2025/9/18 9:30,2025/9/18 10:00,低,日常事务,项目 E（内部行政）,根据天气调整办公区空调温度，反馈员工感受
项目 B 预算调整,2025/9/19 0:00,2025/9/21 18:00,高,截止日期,项目 B（市场推广）,根据活动调整预算分配，提交审批
研发工具培训,2025/9/20 10:00,2025/9/20 11:30,中,会议,项目 A（产品研发）,培训新研发工具使用方法，实操指导
文件销毁,2025/9/21 14:00,2025/9/21 15:00,低,日常事务,项目 E（内部行政）,销毁过期保密文件，记录销毁过程
项目 C 服务满意度报告,2025/9/22 0:00,2025/9/24 18:00,中,截止日期,项目 C（客户运维）,生成 9 月客户服务满意度报告，提出改进措施
市场推广会,2025/9/23 10:00,2025/9/23 11:30,高,会议,项目 B（市场推广）,部署国庆推广工作，明确各渠道目标
会议室清洁安排,2025/9/24 9:30,2025/9/24 10:00,低,日常事务,项目 E（内部行政）,安排保洁每日清洁会议室，确保整洁
项目 D 测试总结,2025/9/25 0:00,2025/9/26 18:00,紧急,截止日期,项目 D（系统升级）,总结系统测试结果，确认是否具备上线条件
部门聚餐筹备会,2025/9/26 14:00,2025/9/26 15:00,中,会议,项目 E（内部行政）,讨论 9 月部门聚餐时间、地点，统计参与人数
办公用品分发,2025/9/27 9:30,2025/9/27 10:30,低,日常事务,项目 E（内部行政）,分发下月办公用品，登记领取情况
项目 A 上线申请,2025/9/28 0:00,2025/9/29 18:00,高,截止日期,项目 A（产品研发）,提交 V2.0 版本上线申请，附测试报告
客户沟通技巧培训,2025/9/29 10:00,2025/9/29 11:30,中,会议,项目 C（客户运维）,培训客户沟通技巧，提升服务质量
月末文件汇总,2025/9/30 9:30,2025/9/30 11:30,低,日常事务,项目 E（内部行政）,汇总 9 月所有办公文件，按项目分类归档
10 月工作计划会,2025/9/30 15:00,2025/9/30 16:30,高,会议,项目 E（内部行政）,制定 10 月工作计划，分配具体任务
